movie_id,title,avg_rating
148,"Ghost and the Darkness, The (1996)",3.203125
463,"Secret of Roan Inish, The (1994)",3.859154929577465
471,Courage Under Fire (1996),3.6108597285067874
496,It's a Wonderful Life (1946),4.121212121212121
833,Bulletproof (1996),3.204081632653061
1088,Double Team (1997),2.230769230769231
1238,Full Speed (1996),3.125
1342,"Convent, The (Convento, O) (1995)",2.5
1580,Liebelei (1933),1.0
1591,Duoluo tianshi (1995),3.1666666666666665
1645,"Butcher Boy, The (1998)",4.0
243,Jungle2Jungle (1997),2.4393939393939394
392,"Man Without a Face, The (1993)",3.5441176470588234
540,Money Train (1995),2.511627906976744
623,Angels in the Outfield (1994),2.923076923076923
737,Sirens (1994),2.983050847457627
858,Amityville: Dollhouse (1996),1.0
897,Time Tracers (1995),1.5
1025,Fire Down Below (1997),2.9318181818181817
1084,Anne Frank Remembered (1995),3.857142857142857
1127,"Truman Show, The (1998)",2.909090909090909
1395,Hurricane Streets (1998),2.3333333333333335
1460,Sleepover (1995),3.0
1483,"Man in the Iron Mask, The (1998)",3.4166666666666665
1507,Three Lives and Only One Death (1996),3.0
1522,Trial by Jury (1994),2.4285714285714284
31,Crimson Tide (1995),3.6298701298701297
516,Local Hero (1983),3.9682539682539684
1139,Hackers (1995),2.606060606060606
1143,Hard Eight (1996),4.0
1270,Life with Mikey (1993),2.2857142857142856
1303,"Getaway, The (1994)",2.3333333333333335
1322,Metisse (Caf� au Lait) (1993),2.3333333333333335
1339,Stefano Quantestorie (1993),1.0
1352,Shadow of Angels (Schatten der Engel) (1976),1.0
1618,King of New York (1990),1.0
1650,"Butcher Boy, The (1998)",4.0
85,"Ref, The (1994)",3.0344827586206895
137,Big Night (1996),3.9005847953216373
251,Shall We Dance? (1996),4.260869565217392
451,Grease (1978),3.347058823529412
580,"Englishman Who Went Up a Hill, But Came Down a Mountain, The (1995)",3.375
808,"Program, The (1993)",2.838709677419355
1265,Star Maps (1997),3.0526315789473686
65,What's Eating Gilbert Grape (1993),3.5391304347826087
458,Nixon (1995),3.1222222222222222
879,"Peacemaker, The (1997)",3.2720588235294117
883,Telling Lies in America (1997),3.230769230769231
1223,King of the Hill (1993),3.5
53,Natural Born Killers (1994),2.953125
255,My Best Friend's Wedding (1997),3.36046511627907
481,"Apartment, The (1960)",3.9365079365079363
588,Beauty and the Beast (1991),3.792079207920792
799,Boys Life (1995),3.2
804,Jimmy Hollywood (1994),2.875
898,"Postman, The (1997)",3.2241379310344827
970,Hear My Song (1991),3.25
1157,"Relic, The (1997)",2.88
133,Gone with the Wind (1939),3.871345029239766
296,"Promesse, La (1996)",3.3333333333333335
472,Dragonheart (1996),3.0822784810126582
853,Braindead (1992),3.857142857142857
1466,Margaret's Museum (1995),4.0
78,Free Willy (1993),2.4545454545454546
322,Murder at 1600 (1997),3.0871559633027523
513,"Third Man, The (1949)",4.333333333333333
918,City of Angels (1998),3.0
1005,"Double vie de V�ronique, La (Double Life of Veronique, The) (1991)",3.6818181818181817
1016,Con Air (1997),3.45985401459854
1133,Escape to Witch Mountain (1975),2.966666666666667
321,Mother (1996),3.1301775147928996
362,Blues Brothers 2000 (1998),2.8214285714285716
613,My Man Godfrey (1936),4.037037037037037
633,"Christmas Carol, A (1938)",4.057971014492754
673,Cape Fear (1962),3.5232558139534884
857,Paris Was a Woman (1995),3.0
961,Orlando (1993),3.6176470588235294
974,Eye for an Eye (1996),3.03125
1160,Love! Valour! Compassion! (1997),3.6153846153846154
1533,I Don't Want to Talk About It (De eso no se habla) (1993),4.0
375,Showgirls (1995),1.9565217391304348
593,Stalingrad (1993),3.1666666666666665
597,Eraser (1996),3.150485436893204
876,Money Talks (1997),2.702127659574468
976,Solo (1996),1.8333333333333333
1199,Cemetery Man (Dellamorte Dellamore) (1994),2.869565217391304
1212,Flesh and Bone (1993),2.8333333333333335
1417,"Turning, The (1992)",2.5
1468,"Cure, The (1995)",3.3333333333333335
1653,Entertaining Angels: The Dorothy Day Story (1996),5.0
108,Kids in the Hall: Brain Candy (1996),3.076923076923077
155,Dirty Dancing (1987),3.1020408163265305
683,Rocket Man (1997),2.4081632653061225
744,Michael Collins (1996),3.4565217391304346
950,Georgia (1995),2.9
1331,"Last Klezmer: Leopold Kozlowski, His Life and Music, The (1995)",3.0
1525,"Object of My Affection, The (1998)",4.0
1561,Tigrero: A Film That Was Never Made (1994),1.0
34,"Doom Generation, The (1995)",2.7142857142857144
193,"Right Stuff, The (1983)",3.917197452229299
211,M*A*S*H (1970),3.912621359223301
368,Bio-Dome (1996),1.903225806451613
530,"Man Who Would Be King, The (1975)",4.025
642,"Grifters, The (1990)",3.4831460674157304
796,Speechless (1994),3.0833333333333335
1068,"Star Maker, The (Uomo delle stelle, L') (1995)",3.1666666666666665
1198,Purple Noon (1960),3.142857142857143
1344,"Story of Xinghua, The (1993)",3.2
1404,Withnail and I (1987),3.230769230769231
1537,Cosi (1996),4.0
1675,"Sunchaser, The (1996)",3.0
101,Heavy Metal (1981),3.26027397260274
115,"Haunted World of Edward D. Wood Jr., The (1995)",3.7333333333333334
126,"Spitfire Grill, The (1996)",3.804123711340206
756,Father of the Bride Part II (1995),2.8984375
772,Kids (1995),3.061224489795918
1165,Big Bully (1996),1.8571428571428572
1183,"Cowboy Way, The (1994)",2.210526315789474
1378,Rhyme & Reason (1997),2.2
1500,Santa with Muscles (1996),5.0
81,"Hudsucker Proxy, The (1994)",3.5545454545454547
385,True Lies (1994),3.5625
830,Power 98 (1995),1.0
847,Looking for Richard (1996),3.727272727272727
874,Career Girls (1997),3.2564102564102564
939,Murder in the First (1995),3.6
1226,Night Falls on Manhattan (1997),3.375
1259,Pie in the Sky (1995),2.0
28,Apollo 13 (1995),3.931159420289855
183,Alien (1979),4.034364261168385
210,Indiana Jones and the Last Crusade (1989),3.930513595166163
436,"American Werewolf in London, An (1981)",3.5353535353535355
1031,Lassie (1994),2.2857142857142856
1175,Hugo Pool (1997),3.4
1201,Marlene Dietrich: Shadow and Light (1996),5.0
1426,Grace of My Heart (1996),3.25
1441,Moonlight and Valentino (1995),2.5714285714285716
1496,Carpool (1996),2.8
497,Bringing Up Baby (1938),3.838235294117647
596,"Hunchback of Notre Dame, The (1996)",3.377952755905512
762,Beautiful Girls (1996),3.391304347826087
1051,"Associate, The (1996)",3.2439024390243905
1243,Night Flier (1997),3.7142857142857144
1274,Robocop 3 (1993),1.7272727272727273
1296,Indian Summer (1996),3.25
1415,"Next Karate Kid, The (1994)",2.4444444444444446
1510,Mad Dog Time (1996),3.0
1621,Butterfly Kiss (1995),1.0
300,Air Force One (1997),3.6310904872389793
406,Thinner (1996),2.4489795918367347
412,"Very Brady Sequel, A (1996)",2.3978494623655915
784,Beyond Bedlam (1993),1.0
787,Roommates (1995),3.230769230769231
842,Pollyanna (1960),3.1481481481481484
1030,"Beverly Hillbillies, The (1993)",2.25
1034,"Quest, The (1996)",2.5185185185185186
1064,Crossfire (1947),4.25
1156,Cyclo (1995),3.0
1163,"Portrait of a Lady, The (1996)",2.68
1489,Chasers (1994),2.2
587,"Hour of the Pig, The (1993)",3.5714285714285716
731,"Corrina, Corrina (1994)",3.1538461538461537
988,"Beautician and the Beast, The (1997)",2.313953488372093
1276,Sunset Park (1996),2.5
1307,Carmen Miranda: Bananas Is My Business (1994),1.5
1574,Pharaoh's Army (1995),1.0
76,Carlito's Way (1993),3.4074074074074074
667,Audrey Rose (1977),2.1666666666666665
688,Leave It to Beaver (1997),1.8409090909090908
723,Boys on the Side (1995),3.1470588235294117
914,Wild Things (1998),2.727272727272727
1372,"Stranger, The (1994)",3.0
1480,Herbie Rides Again (1974),2.272727272727273
26,"Brothers McMullen, The (1995)",3.452054794520548
27,Bad Boys (1995),3.1052631578947367
332,Kiss the Girls (1997),3.4615384615384617
501,Dumbo (1941),3.4959349593495936
577,Coneheads (1993),2.2195121951219514
626,So Dear to My Heart (1949),3.25
1235,"Big Bang Theory, The (1994)",4.0
1493,"Modern Affair, A (1995)",1.0
1634,Etz Hadomim Tafus (Under the Domin Tree) (1994),2.0
384,Naked Gun 33 1/3: The Final Insult (1994),2.782608695652174
831,Escape from L.A. (1996),2.4615384615384617
1019,"Die xue shuang xiong (Killer, The) (1989)",3.967741935483871
1269,Love in the Afternoon (1957),3.9
1294,Ayn Rand: A Sense of Life (1997),3.142857142857143
44,Dolores Claiborne (1994),3.3417721518987342
159,Basic Instinct (1992),3.227722772277228
192,Raging Bull (1980),4.120689655172414
271,Starship Troopers (1997),3.2322274881516586
606,All About Eve (1950),4.045454545454546
743,"Crow: City of Angels, The (1996)",1.9487179487179487
811,Thirty-Two Short Films About Glenn Gould (1993),3.9444444444444446
844,Freeway (1996),3.357142857142857
908,Half Baked (1998),2.5
916,Lost in Space (1998),3.1666666666666665
1135,"Doors, The (1991)",2.9782608695652173
1350,Crows and Sparrows (1949),1.5
1418,"Joy Luck Club, The (1993)",3.6666666666666665
253,"Pillow Book, The (1995)",3.6923076923076925
806,Menace II Society (1993),3.46
1148,Tom & Viv (1994),3.3333333333333335
1210,Virtuosity (1995),2.736842105263158
1280,Gang Related (1997),2.6875
1363,"Leopard Son, The (1996)",1.0
103,All Dogs Go to Heaven 2 (1996),1.8666666666666667
236,Citizen Ruth (1996),3.6222222222222222
329,Desperate Measures (1998),3.3333333333333335
460,"Crossing Guard, The (1995)",3.0
1056,Cronos (1992),3.2
1085,Carried Away (1996),3.0
1398,Anna (1996),4.5
12,"Usual Suspects, The (1995)",4.385767790262173
336,Playing God (1997),2.627906976744186
350,Fallen (1998),3.1463414634146343
973,Grateful Dead (1995),3.5
984,Shadow Conspiracy (1997),2.8636363636363638
1046,Malice (1993),3.1739130434782608
1093,Live Nude Girls (1995),3.0869565217391304
1260,Total Eclipse (1995),2.75
223,Sling Blade (1996),4.198529411764706
738,Threesome (1994),2.838709677419355
860,"Believers, The (1987)",2.25
388,Beverly Hills Cop III (1994),2.392857142857143
417,"Parent Trap, The (1961)",3.095890410958904
548,"NeverEnding Story III, The (1994)",2.1666666666666665
602,"American in Paris, An (1951)",3.7
1208,Kiss of Death (1995),2.85
91,"Nightmare Before Christmas, The (1993)",3.5874125874125875
409,Jack (1996),3.142857142857143
578,Demolition Man (1993),3.152173913043478
663,Being There (1979),3.9051724137931036
926,Down Periscope (1996),2.702970297029703
1077,Love and a .45 (1994),3.125
1564,To Cross the Rubicon (1991),1.0
1659,Getting Away With Murder (1996),1.0
333,"Game, The (1997)",3.593625498007968
707,Enchanted April (1991),3.9285714285714284
822,Faces (1968),3.0
1215,Barb Wire (1996),1.9333333333333333
1290,Country Life (1994),1.5
1457,Love Is All There Is (1996),3.0
1582,T-Men (1947),1.0
222,Star Trek: First Contact (1996),3.66027397260274
285,Secrets & Lies (1996),4.265432098765432
601,For Whom the Bell Tolls (1943),4.0
875,She's So Lovely (1997),2.7358490566037736
1249,For Love or Money (1993),2.8333333333333335
1324,Loaded (1994),2.4
1565,Daens (1992),1.0
22,Braveheart (1995),4.151515151515151
128,Supercop (1992),3.5384615384615383
209,This Is Spinal Tap (1984),3.905759162303665
330,187 (1997),3.024390243902439
372,Jeffrey (1995),3.5294117647058822
604,It Happened One Night (1934),4.012345679012346
685,Executive Decision (1996),3.356687898089172
727,Immortal Beloved (1994),3.4603174603174605
995,"Kiss Me, Guido (1997)",3.161290322580645
1065,Koyaanisqatsi (1983),3.490566037735849
1125,"Innocents, The (1961)",4.25
1295,Kicked in the Head (1997),2.5714285714285716
1332,My Life and Times With Antonin Artaud (En compagnie d'Antonin Artaud) (1993),2.0
1469,Tom and Huck (1995),3.1666666666666665
1550,Destiny Turns on the Radio (1995),3.0
122,"Cable Guy, The (1996)",2.339622641509434
230,Star Trek IV: The Voyage Home (1986),3.4472361809045227
319,Everyone Says I Love You (1996),3.2738095238095237
493,"Thin Man, The (1934)",4.15
625,"Sword in the Stone, The (1963)",3.3292682926829267
686,"Perfect World, A (1993)",3.68
1176,Welcome To Sarajevo (1997),3.3636363636363638
1291,Celtic Pride (1996),2.2
1583,"Invitation, The (Zaproszenie) (1986)",1.0
93,Welcome to the Dollhouse (1995),3.7232142857142856
157,Platoon (1986),3.6929133858267718
190,Henry V (1989),4.137096774193548
225,101 Dalmatians (1996),2.908256880733945
232,Young Guns (1988),3.207920792079208
233,Under Siege (1992),3.2903225806451615
758,Lawnmower Man 2: Beyond Cyberspace (1996),1.7142857142857142
924,White Squall (1996),3.4
1506,Nelly & Monsieur Arnaud (1995),3.6666666666666665
1633,� k�ldum klaka (Cold Fever) (1994),3.0
246,Chasing Amy (1997),3.935483870967742
346,Jackie Brown (1997),3.642857142857143
360,Wonderland (1997),3.2
367,Clueless (1995),3.458823529411765
476,"First Wives Club, The (1996)",3.01875
539,Mouse Hunt (1997),2.477272727272727
599,Police Story 4: Project S (Chao ji ji hua) (1993),1.0
725,Exit to Eden (1994),2.75
855,Diva (1981),3.727272727272727
861,Nosferatu a Venezia (1986),2.3333333333333335
1061,"Evening Star, The (1996)",2.9310344827586206
1588,Salut cousin! (1996),2.0
111,"Truth About Cats & Dogs, The (1996)",3.485294117647059
224,Ridicule (1996),3.7045454545454546
519,"Treasure of the Sierra Madre, The (1948)",4.1
654,Chinatown (1974),4.136054421768708
1197,"Family Thing, A (1996)",3.5555555555555554
1505,Killer: A Journal of Murder (1995),4.0
47,Ed Wood (1994),3.601503759398496
1207,Jade (1995),2.2941176470588234
1456,Beat the Devil (1954),3.7142857142857144
1477,Nightwatch (1997),2.5
140,Homeward Bound: The Incredible Journey (1993),3.2131147540983607
177,"Good, The Bad and The Ugly, The (1966)",3.8613138686131387
416,Old Yeller (1957),3.484375
556,Wild Bill (1995),2.5
711,"Substance of Fire, The (1996)",4.0
827,Daylight (1996),2.7719298245614037
1055,"Simple Twist of Fate, A (1994)",3.2
1244,Metro (1997),2.9166666666666665
1300,'Til There Was You (1997),2.3333333333333335
1425,I'll Do Anything (1994),2.6
1613,Tokyo Fist (1995),4.0
132,"Wizard of Oz, The (1939)",4.0772357723577235
152,Sleeper (1973),3.6341463414634148
444,"Blob, The (1958)",2.717391304347826
665,Alien 3 (1992),2.83
671,Bride of Frankenstein (1935),3.608695652173913
1114,Faithful (1996),3.3
1206,Amos & Andrew (1993),2.6842105263157894
185,Psycho (1960),4.100418410041841
305,"Ice Storm, The (1997)",3.6436781609195403
353,Deep Rising (1998),2.4285714285714284
355,Sphere (1998),2.926829268292683
618,Picnic (1955),3.611111111111111
694,Persuasion (1995),4.045454545454546
696,City Hall (1996),3.1392405063291138
747,Benny & Joon (1993),3.4607843137254903
882,Washington Square (1997),3.2941176470588234
1512,"World of Apu, The (Apur Sansar) (1959)",4.0
1542,"Scarlet Letter, The (1926)",3.0
1586,Lashou shentan (1992),1.0
1599,Someone Else's America (1995),5.0
291,Absolute Power (1997),3.37007874015748
325,Crash (1996),2.546875
386,Addams Family Values (1993),2.8160919540229883
906,Oscar & Lucinda (1997),3.1904761904761907
955,Before Sunrise (1995),3.4081632653061225
1288,Denise Calls Up (1995),3.0
1306,Delta of Venus (1994),3.0
1311,Waiting to Exhale (1995),2.5
435,Butch Cassidy and the Sundance Kid (1969),3.949074074074074
473,James and the Giant Peach (1996),3.126984126984127
581,Kalifornia (1993),3.2203389830508473
603,Rear Window (1954),4.3875598086124405
660,Fried Green Tomatoes (1991),3.764705882352941
748,"Saint, The (1997)",3.1234177215189876
774,"Prophecy, The (1995)",2.9375
912,U.S. Marshalls (1998),3.0
935,Paradise Road (1997),3.2857142857142856
1170,Spanking the Monkey (1994),3.074074074074074
1266,Bread and Chocolate (Pane e cioccolata) (1973),3.1666666666666665
1382,"Bonheur, Le (1965)",2.0
1590,"To Have, or Not (1995)",2.0
1626,Nobody Loves Me (Keiner liebt mich) (1994),1.0
1681,You So Crazy (1994),3.0
146,Unhook the Stars (1996),2.5
704,"House of the Spirits, The (1993)",3.0416666666666665
1122,They Made Me a Criminal (1939),5.0
1145,Blue Chips (1994),2.6666666666666665
1247,Bad Girls (1994),1.8333333333333333
1304,New York Cop (1996),2.5
1488,Germinal (1993),3.0
1491,Tough and Deadly (1995),3.0
259,George of the Jungle (1997),2.685185185185185
512,Wings of Desire (1987),4.0
797,Timecop (1994),3.096774193548387
1595,Shopping (1994),2.0
1664,8 Heads in a Duffel Bag (1997),3.25
1,Toy Story (1995),3.8783185840707963
206,Akira (1988),3.38
896,"Sweet Hereafter, The (1997)",3.772727272727273
1008,I Shot Andy Warhol (1996),3.3783783783783785
1172,"Women, The (1939)",3.6666666666666665
1391,For Ever Mozart (1996),2.0
1504,"Bewegte Mann, Der (1994)",3.6666666666666665
1516,"Wedding Gift, The (1994)",4.0
52,"Madness of King George, The (1994)",3.769230769230769
297,Ulee's Gold (1997),3.96
363,Sudden Death (1995),2.723404255319149
768,Casper (1995),3.076923076923077
770,Devil in a Blue Dress (1995),3.3859649122807016
777,Castle Freak (1995),1.25
1302,Late Bloomers (1996),3.4
1485,"Colonel Chabert, Le (1994)",3.5
212,"Unbearable Lightness of Being, The (1988)",3.4565217391304346
674,Cat People (1982),2.8958333333333335
715,To Die For (1995),3.2758620689655173
992,Head Above Water (1996),3.0
1047,Multiplicity (1996),2.8358208955223883
1190,That Old Feeling (1997),3.3636363636363638
1400,Picture Bride (1995),3.1
1427,Drunks (1995),2.8
1458,"Damsel in Distress, A (1937)",4.0
1546,Shadows (Cienie) (1988),1.0
1651,"Spanish Prisoner, The (1997)",4.0
274,Sabrina (1995),3.5
631,"Crying Game, The (1992)",3.6218487394957983
1434,Shooting Fish (1997),2.5
1473,"Little Princess, The (1939)",3.5555555555555554
1616,Desert Winds (1995),4.0
182,GoodFellas (1990),3.9513274336283186
442,"Amityville Curse, The (1990)",1.25
689,"Jackal, The (1997)",3.1494252873563218
699,Little Women (1994),3.676470588235294
792,Bullets Over Broadway (1994),3.7209302325581395
1137,Beautiful Thing (1996),3.9655172413793105
1323,"Wooden Man's Bride, The (Wu Kui) (1994)",2.6666666666666665
1399,Stranger in the House (1997),2.4285714285714284
1608,Buddy (1997),2.25
1644,Sudden Manhattan (1996),1.5
13,Mighty Aphrodite (1995),3.4184782608695654
218,Cape Fear (1991),3.456140350877193
280,Up Close and Personal (1996),3.1882352941176473
348,Desperate Measures (1998),3.2962962962962963
440,Amityville II: The Possession (1982),1.6428571428571428
734,Made in America (1993),2.5185185185185186
1663,Nothing Personal (1995),2.0
1682,Scream of Stone (Schrei aus Stein) (1991),3.0
6,Shanghai Triad (Yao a yao yao dao waipo qiao) (1995),3.576923076923077
16,French Twist (Gazon maudit) (1995),3.2051282051282053
86,"Remains of the Day, The (1993)",3.94
474,Dr. Strangelove or: How I Learned to Stop Worrying and Love the Bomb (1963),4.252577319587629
636,Escape from New York (1981),3.241758241758242
760,Screamers (1995),2.652173913043478
1089,Speed 2: Cruise Control (1997),2.1315789473684212
1100,What Happened Was... (1994),2.625
1155,"Rendezvous in Paris (Rendez-vous de Paris, Les) (1995)",3.3333333333333335
1267,Clockers (1995),3.0
1367,Faust (1994),4.2
168,Monty Python and the Holy Grail (1974),4.0664556962025316
205,Patton (1970),3.9926470588235294
572,Blown Away (1994),2.7586206896551726
852,"Bloody Child, The (1996)",1.0
887,Eve's Bayou (1997),3.609375
3,Four Rooms (1995),3.033333333333333
142,Bedknobs and Broomsticks (1971),3.0701754385964914
178,12 Angry Men (1957),4.344
925,Unforgettable (1996),3.323529411764706
972,Passion Fish (1992),3.1785714285714284
998,Cabin Boy (1994),2.5625
1062,Four Days in September (1997),3.75
1082,Female Perversions (1996),2.625
1218,Friday (1995),3.4615384615384617
1242,"Old Lady Who Walked in the Sea, The (Vieille qui marchait dans la mer, La) (1991)",2.6
1380,Hollow Reed (1996),2.3333333333333335
308,FairyTale: A True Story (1997),2.966666666666667
328,Conspiracy Theory (1997),3.4237288135593222
867,"Whole Wide World, The (1996)",4.0
1130,Jupiter's Wife (1994),4.0
1410,Harlem (1993),2.75
1627,"Wife, The (1995)",3.0
1646,Men With Guns (1997),3.5
20,Angels and Insects (1995),3.4166666666666665
40,"To Wong Foo, Thanks for Everything! Julie Newmar (1995)",2.8947368421052633
164,"Abyss, The (1989)",3.589403973509934
429,"Day the Earth Stood Still, The (1951)",3.9381443298969074
470,Tombstone (1993),3.6666666666666665
839,Loch Ness (1995),2.5
1275,Killer (Bulletproof Heart) (1994),2.5
1636,Brothers in Trouble (1995),4.0
169,"Wrong Trousers, The (1993)",4.466101694915254
500,Fly Away Home (1996),3.903225806451613
1171,Wild Reeds (1994),3.142857142857143
1349,Mille bolle blu (1993),1.0
1353,1-900 (1994),2.6
139,"Love Bug, The (1969)",2.78
283,Emma (1996),3.7175141242937855
359,"Assignment, The (1997)",3.5
479,Vertigo (1958),4.251396648044692
1144,"Quiet Room, The (1996)",3.6666666666666665
1444,That Darn Cat! (1965),2.473684210526316
1461,Here Comes Cookie (1935),2.0
295,Breakdown (1997),3.4025974025974026
340,Boogie Nights (1997),3.5873015873015874
431,Highlander (1986),3.5359477124183005
692,"American President, The (1995)",3.6280487804878048
881,Money Talks (1997),2.933333333333333
980,Mother Night (1996),3.1818181818181817
1021,8 1/2 (1963),3.8157894736842106
1245,Gridlock'd (1997),3.210526315789474
1335,American Buffalo (1996),2.6363636363636362
1538,All Over Me (1997),3.0
1670,Tainted (1998),3.0
94,Home Alone (1990),3.0875912408759123
250,"Fifth Element, The (1997)",3.4771573604060912
377,Heavyweights (1994),2.1538461538461537
402,Ghost (1990),3.4647058823529413
432,Fantasia (1940),3.7701149425287355
582,"Piano, The (1993)",3.6011904761904763
1273,Color of Night (1994),2.7333333333333334
1301,Stripes (1981),3.8
1394,Swept from the Sea (1997),2.4285714285714284
1455,"Outlaw, The (1943)",2.5
57,Priest (1994),4.0
570,Wyatt Earp (1994),3.1
868,Hearts and Minds (1996),3.8
920,Two Bits (1995),2.2
1026,"Lay of the Land, The (1997)",2.5
1628,Lamerica (1994),3.75
647,Ran (1985),4.1
966,"Affair to Remember, An (1957)",4.1923076923076925
1074,Reality Bites (1994),2.961038961038961
1113,Mrs. Parker and the Vicious Circle (1994),3.272727272727273
1467,"Saint of Fort Washington, The (1993)",5.0
1615,Warriors of Virtue (1997),3.0
292,Rosewood (1997),3.6666666666666665
306,"Mrs. Brown (Her Majesty, Mrs. Brown) (1997)",3.9479166666666665
339,Mad City (1997),3.25531914893617
676,"Crucible, The (1996)",3.3376623376623376
919,"City of Lost Children, The (1995)",3.7916666666666665
923,Raise the Red Lantern (1991),4.155172413793103
944,Renaissance Man (1994),3.0
983,"Rich Man's Wife, The (1996)",2.4
1069,Amateur (1994),3.1666666666666665
1146,Calendar Girl (1993),2.0
1251,A Chef in Love (1996),4.125
1355,Infinity (1996),2.6666666666666665
1517,Race the Sun (1996),2.8
54,Outbreak (1995),3.2403846153846154
120,Striptease (1996),2.2388059701492535
559,Interview with the Vampire (1994),3.1824817518248176
969,Winnie the Pooh and the Blustery Day (1968),3.8
1028,Grumpier Old Men (1995),3.0405405405405403
1499,Grosse Fatigue (1994),3.25
491,"Adventures of Robin Hood, The (1938)",3.791044776119403
634,Microcosmos: Le peuple de l'herbe (1996),3.75
646,Once Upon a Time in the West (1969),3.8684210526315788
1191,"Letter From Death Row, A (1998)",4.333333333333333
1665,"Brother's Kiss, A (1997)",2.0
96,Terminator 2: Judgment Day (1991),4.0067796610169495
235,Mars Attacks! (1996),2.847926267281106
545,Vampire in Brooklyn (1995),1.8333333333333333
620,"Chamber, The (1996)",3.0930232558139537
776,Three Wishes (1995),3.2222222222222223
846,To Gillian on Her 37th Birthday (1996),3.0681818181818183
871,Vegas Vacation (1997),2.4
1435,"Steal Big, Steal Little (1995)",2.5714285714285716
1551,"Glass Shield, The (1994)",2.0
1605,Love Serenade (1996),3.0
452,Jaws 2 (1978),2.6666666666666665
732,Dave (1993),3.65
840,Last Man Standing (1996),2.660377358490566
1029,Jury Duty (1995),2.0
1032,Little Big League (1994),2.875
1167,"Sum of Us, The (1994)",3.5454545454545454
1464,"Stars Fell on Henrietta, The (1995)",2.3333333333333335
1518,Losing Isaiah (1995),3.0
48,Hoop Dreams (1994),4.094017094017094
266,Kull the Conqueror (1997),2.7142857142857144
507,"Streetcar Named Desire, A (1951)",3.816326530612245
544,Things to Do in Denver when You're Dead (1995),3.1549295774647885
650,"Seventh Seal, The (Sjunde inseglet, Det) (1957)",3.5416666666666665
5,Copycat (1995),3.302325581395349
163,"Return of the Pink Panther, The (1974)",3.5543478260869565
191,Amadeus (1984),4.163043478260869
268,Chasing Amy (1997),3.792156862745098
1087,Bloodsport 2 (1995),1.7
1341,Hedd Wyn (1992),1.0
1360,"Sexual Life of the Belgians, The (1994)",1.5
1407,"Specialist, The (1994)",2.25
258,Contact (1997),3.8035363457760316
279,Once Upon a Time... When We Were Colored (1995),3.2857142857142856
709,Strictly Ballroom (1992),4.028846153846154
959,Dazed and Confused (1993),3.46875
1010,Basquiat (1996),3.25
1232,Madonna: Truth or Dare (1991),2.4705882352941178
1357,For the Moment (1994),2.6666666666666665
729,Nell (1994),3.4814814814814814
1642,Some Mother's Son (1996),4.5
19,Antonia's Line (1995),3.9565217391304346
397,Striking Distance (1993),2.5833333333333335
430,Duck Soup (1933),4.0
754,Red Corner (1997),3.3859649122807016
989,Cats Don't Dance (1997),2.84375
1420,Gilligan's Island: The Movie (1998),1.3333333333333333
1436,Mr. Jones (1993),2.5
92,True Romance (1993),3.6153846153846154
419,Mary Poppins (1964),3.7247191011235956
542,Pocahontas (1995),2.5294117647058822
553,"Walk in the Clouds, A (1995)",3.2857142857142856
560,"Kid in King Arthur's Court, A (1995)",2.727272727272727
836,Ninotchka (1939),3.769230769230769
1192,"Boys of St. Vincent, The (1993)",3.3846153846153846
1541,"Beans of Egypt, Maine, The (1994)",3.5
415,"Apple Dumpling Gang, The (1975)",2.84
780,Dumb & Dumber (1994),3.0
1128,Heidi Fleiss: Hollywood Madam (1995),2.6923076923076925
1227,"Awfully Big Adventure, An (1995)",2.375
1475,Bhaji on the Beach (1993),2.875
1486,Girl in the Cadillac (1995),1.0
257,Men in Black (1997),3.745874587458746
299,Hoodlum (1997),2.9315068493150687
641,Paths of Glory (1957),4.212121212121212
644,"Thin Blue Line, The (1988)",3.7714285714285714
826,"Phantom, The (1996)",2.575
1186,"Inkwell, The (1994)",3.3333333333333335
1250,Best of the Best 3: No Turning Back (1995),1.5
1314,Surviving the Game (1994),2.4545454545454546
1497,"Line King: Al Hirschfeld, The (1996)",3.0
1521,Mr. Wonderful (1993),3.0
1569,"Vie est belle, La (Life is Rosey) (1987)",1.0
64,"Shawshank Redemption, The (1994)",4.445229681978798
117,"Rock, The (1996)",3.693121693121693
227,Star Trek VI: The Undiscovered Country (1991),3.279503105590062
579,Fatal Instinct (1993),2.6315789473684212
1220,Higher Learning (1995),3.3333333333333335
1222,Judgment Night (1993),2.68
1225,Angus (1995),2.642857142857143
1299,Penny Serenade (1941),3.0
1478,Dead Presidents (1995),2.7222222222222223
1490,Fausto (1993),3.0
1603,Angela (1995),3.0
504,Bonnie and Clyde (1967),3.819672131147541
554,Waterworld (1995),2.803921568627451
598,"Big Squeeze, The (1996)",2.25
764,If Lucy Fell (1996),2.7586206896551726
886,"Life Less Ordinary, A (1997)",3.0754716981132075
936,Brassed Off (1996),3.9375
1002,"Pest, The (1997)",1.875
1048,She's the One (1996),3.0136986301369864
1050,"Ghost and Mrs. Muir, The (1947)",3.6511627906976742
1166,Love & Human Remains (1993),3.1666666666666665
1252,"Contempt (M�pris, Le) (1963)",3.0
1255,Broken English (1996),2.25
1298,"Band Wagon, The (1953)",3.6666666666666665
1375,"Cement Garden, The (1993)",3.6
41,Billy Madison (1995),3.081081081081081
154,Monty Python's Life of Brian (1979),3.7471264367816093
309,Deceiver (1997),2.857142857142857
425,Bob Roberts (1992),3.7411764705882353
904,Ma vie en rose (My Life in Pink) (1997),3.45
931,"Island of Dr. Moreau, The (1996)",2.1578947368421053
1181,"Low Down Dirty Shame, A (1994)",2.5
1189,Prefontaine (1997),5.0
1321,Open Season (1996),2.5
1326,Boys (1996),3.3333333333333335
1452,Lady of Burlesque (1943),4.0
1530,Jefferson in Paris (1995),2.0
1559,Hostile Intentions (1994),1.0
347,Wag the Dog (1997),3.510948905109489
447,Carrie (1976),3.5041322314049586
455,Jackie Chan's First Strike (1996),3.2551724137931033
484,"Maltese Falcon, The (1941)",4.2101449275362315
607,Rebecca (1940),3.9696969696969697
1035,Cool Runnings (1993),3.161764705882353
1529,Underground (1995),2.8
1632,Land and Freedom (Tierra y libertad) (1995),3.0
15,Mr. Holland's Opus (1995),3.7781569965870307
43,Disclosure (1994),3.0
845,That Thing You Do! (1996),3.465909090909091
1136,Ghosts of Mississippi (1996),3.4827586206896552
1151,Original Gangstas (1996),2.142857142857143
1253,"Tie That Binds, The (1995)",2.4285714285714284
262,In the Company of Men (1997),3.712121212121212
511,Lawrence of Arabia (1962),4.23121387283237
929,Harriet the Spy (1996),2.7
1052,Dracula: Dead and Loving It (1995),2.28
112,Flipper (1996),2.45
269,"Full Monty, The (1997)",3.926984126984127
1045,Fearless (1993),3.24
1194,Once Were Warriors (1994),4.064516129032258
327,Cop Land (1997),3.3771428571428572
563,Stephen King's The Langoliers (1995),2.413793103448276
615,"39 Steps, The (1935)",4.0508474576271185
849,Days of Thunder (1990),2.7169811320754715
1263,Foxfire (1996),2.933333333333333
1470,Gumby: The Movie (1995),2.6
1576,"Hungarian Fairy Tale, A (1987)",1.0
165,Jean de Florette (1986),4.109375
666,Blood For Dracula (Andy Warhol's Dracula) (1974),2.4
775,Something to Talk About (1995),2.769230769230769
1091,Pete's Dragon (1977),2.7209302325581395
1132,Feeling Minnesota (1996),2.625
1182,Cops and Robbersons (1994),2.3076923076923075
1240,Ghost in the Shell (Kokaku kidotai) (1995),3.6538461538461537
1330,An Unforgettable Summer (1994),2.5
1654,Chairman of the Board (1998),1.0
358,Spawn (1997),2.6153846153846154
366,Dangerous Minds (1995),3.3404255319148937
843,"Shaggy Dog, The (1959)",3.0
854,Bad Taste (1987),3.375
1286,Shall We Dance? (1937),3.7058823529411766
179,"Clockwork Orange, A (1971)",3.909502262443439
189,"Grand Day Out, A (1992)",4.106060606060606
207,Cyrano de Bergerac (1990),3.8181818181818183
489,Notorious (1946),4.115384615384615
590,Hellraiser: Bloodline (1996),2.0
675,"Nosferatu (Nosferatu, eine Symphonie des Grauens) (1922)",3.5555555555555554
862,Jingle All the Way (1996),2.111111111111111
1073,Shallow Grave (1994),3.8181818181818183
1119,Some Kind of Wonderful (1987),3.6610169491525424
1180,I Love Trouble (1994),2.5
1527,Senseless (1998),2.4285714285714284
1635,Two Friends (1986),3.0
1649,"Big One, The (1997)",3.0
37,Nadja (1994),2.25
383,"Flintstones, The (1994)",2.064516129032258
659,Arsenic and Old Lace (1944),4.078260869565217
1310,"Walk in the Sun, A (1945)",3.0
1362,American Strays (1996),2.0
1396,Stonewall (1995),4.2
1624,Hush (1998),2.0
61,Three Colors: White (1994),3.864406779661017
127,"Godfather, The (1972)",4.283292978208232
316,As Good As It Gets (1997),4.196428571428571
461,Smoke (1995),3.6216216216216215
502,Bananas (1971),3.7017543859649122
523,Cool Hand Luke (1967),3.9939024390243905
819,Eddie (1996),2.7
937,"Thousand Acres, A (1997)",3.4054054054054053
1231,Marked for Death (1990),2.5
1334,Somebody to Love (1994),1.0
88,Sleepless in Seattle (1993),3.539906103286385
197,"Graduate, The (1967)",4.104602510460251
486,Sabrina (1954),3.796875
531,Shine (1996),3.9224806201550386
903,Afterglow (1997),3.111111111111111
979,"Trigger Effect, The (1996)",3.2
993,Hercules (1997),3.515151515151515
1487,Even Cowgirls Get the Blues (1993),2.0
318,Schindler's List (1993),4.466442953020135
462,Like Water For Chocolate (Como agua para chocolate) (1992),3.804054054054054
547,"Young Poisoner's Handbook, The (1995)",3.341463414634146
1124,"Farewell to Arms, A (1932)",3.8333333333333335
1216,Kissed (1996),3.0
1248,Blink (1994),3.0
1271,North (1994),2.7142857142857144
107,Moll Flanders (1996),3.5
202,Groundhog Day (1993),3.7642857142857142
263,Steel (1997),2.1578947368421053
374,Mighty Morphin Power Rangers: The Movie (1995),2.272727272727273
564,Tales from the Hood (1995),2.037037037037037
619,Extreme Measures (1996),3.171875
891,Bent (1997),2.6666666666666665
1108,Feast of July (1995),2.4
1158,"Fille seule, La (A Single Girl) (1995)",4.0
1641,Dadetown (1995),3.0
9,Dead Man Walking (1995),3.8963210702341136
17,From Dusk Till Dawn (1996),3.119565217391304
231,Batman Returns (1992),2.683098591549296
552,Species (1995),2.8666666666666667
1123,"Last Time I Saw Paris, The (1954)",3.6666666666666665
1219,"Goofy Movie, A (1995)",2.9
1406,When Night Is Falling (1995),3.4
1520,"Fear, The (1995)",3.0
1597,Romper Stomper (1992),3.0
324,Lost Highway (1997),3.136
586,Terminal Velocity (1994),2.676470588235294
609,Father of the Bride (1950),3.5833333333333335
1164,Zeus and Roxanne (1997),2.1666666666666665
1329,"Low Life, The (1994)",1.0
1351,Lover's Knot (1996),2.0
72,"Mask, The (1994)",3.193798449612403
286,"English Patient, The (1996)",3.656964656964657
398,Super Mario Bros. (1993),2.076923076923077
505,Dial M for Murder (1954),4.0
538,Anastasia (1997),3.4242424242424243
1293,Star Kid (1997),5.0
1403,Caro Diario (Dear Diary) (1994),2.75
1600,Guantanamera (1994),3.75
1017,Trees Lounge (1996),3.24
1211,Blue Sky (1994),3.4166666666666665
1509,Getting Even with Dad (1994),1.6
175,Brazil (1985),3.8173076923076925
387,"Age of Innocence, The (1993)",3.3846153846153846
423,E.T. the Extra-Terrestrial (1982),3.8333333333333335
695,Kicking and Screaming (1995),2.923076923076923
746,Real Genius (1985),3.6638655462184873
1057,"Pallbearer, The (1996)",2.3181818181818183
1159,Stalker (1979),3.5454545454545454
381,Muriel's Wedding (1994),3.55
498,"African Queen, The (1951)",4.184210526315789
721,Mallrats (1995),3.4444444444444446
850,"Perfect Candidate, A (1996)",4.0
1118,Up in Smoke (1978),3.25531914893617
1121,"Umbrellas of Cherbourg, The (Parapluies de Cherbourg, Les) (1964)",3.761904761904762
1161,Palookaville (1996),2.923076923076923
35,Free Willy 2: The Adventure Home (1995),2.1818181818181817
503,"Candidate, The (1972)",3.641025641025641
583,Romeo Is Bleeding (1993),3.0
594,Heavy (1995),2.4
610,Gigi (1958),3.658536585365854
614,Giant (1956),3.7450980392156863
761,Nick of Time (1995),3.0454545454545454
880,Soul Food (1997),3.169491525423729
1072,"Pyromaniac's Love Story, A (1995)",2.4285714285714284
1369,"Forbidden Christ, The (Cristo proibito, Il) (1950)",2.75
1519,New Jersey Drive (1995),3.0
1589,Schizopolis (1996),3.0
677,Fire on the Mountain (1996),3.0
739,Pretty Woman (1990),3.323170731707317
1059,Don't Be a Menace to South Central While Drinking Your Juice in the Hood (1996),2.7714285714285714
1142,When We Were Kings (1996),4.045454545454546
1379,Love and Other Catastrophes (1996),2.857142857142857
1384,Squeeze (1996),1.6666666666666667
1386,Tetsuo II: Body Hammer (1992),2.6666666666666665
1536,Aiqing wansui (1994),5.0
310,"Rainmaker, The (1997)",3.6
485,My Fair Lady (1964),3.816
568,Speed (1994),3.6478260869565218
698,"Browning Version, The (1994)",3.0
742,Ransom (1996),3.644194756554307
838,In the Line of Duty 2 (1987),2.75
870,Touch (1997),2.7777777777777777
900,Kundun (1997),3.6904761904761907
1377,Hotel de Love (1996),3.25
1513,Sprung (1997),2.0
1539,Being Human (1993),1.75
196,Dead Poets Society (1989),3.9163346613545817
437,Amityville 1992: It's About Time (1992),1.0
456,Beverly Hills Ninja (1997),2.3125
829,Fled (1996),2.6470588235294117
834,Halloween: The Curse of Michael Myers (1995),2.2
1154,Alphaville (1965),3.3333333333333335
1272,Talking About Sex (1994),1.8
1438,Panther (1995),2.4
1451,Foreign Correspondent (1940),3.8666666666666667
217,Bram Stoker's Dracula (1992),3.158333333333333
290,Fierce Creatures (1997),3.1145833333333335
441,"Amityville Horror, The (1979)",2.5660377358490565
733,Go Fish (1994),3.2
800,In the Mouth of Madness (1995),2.8846153846153846
884,Year of the Horse (1997),3.2857142857142856
948,Booty Call (1997),2.1666666666666665
986,Turbulence (1997),2.5652173913043477
1560,Clean Slate (Coup de Torchon) (1981),2.75
1643,Angel Baby (1995),3.75
1657,Target (1995),3.0
229,Star Trek III: The Search for Spock (1984),3.111111111111111
307,"Devil's Advocate, The (1997)",3.515957446808511
326,G.I. Jane (1997),3.36
537,My Own Private Idaho (1991),3.6333333333333333
766,Man of the Year (1995),3.111111111111111
823,Mulholland Falls (1996),2.8780487804878048
960,Naked (1993),3.24
1037,Grease 2 (1982),2.0
1096,Commandments (1997),2.6666666666666665
1545,Frankie Starlight (1995),2.5
114,Wallace & Gromit: The Best of Aardman Animation (1996),4.447761194029851
173,"Princess Bride, The (1987)",4.172839506172839
220,"Mirror Has Two Faces, The (1996)",3.3636363636363638
278,Bed of Roses (1996),3.2333333333333334
301,In & Out (1997),3.3043478260869565
494,His Girl Friday (1940),4.0
669,Body Parts (1991),1.6153846153846154
713,Othello (1995),3.611111111111111
810,"Shadow, The (1994)",2.888888888888889
813,"Celluloid Closet, The (1995)",3.892857142857143
890,Mortal Kombat: Annihilation (1997),1.9534883720930232
1036,Drop Dead Fred (1991),2.75
1205,"Secret Agent, The (1996)",3.0
4,Get Shorty (1995),3.550239234449761
55,"Professional, The (1994)",3.704697986577181
59,Three Colors: Red (1994),4.0602409638554215
445,"Body Snatcher, The (1945)",3.5
684,In the Line of Fire (1993),3.7928994082840237
1318,Catwalk (1995),1.3333333333333333
1340,"Crude Oasis, The (1995)",1.0
1540,"Amazing Panda Adventure, The (1995)",2.8
1575,"I, Worst of All (Yo, la peor de todas) (1990)",1.0
1669,MURDER and murder (1996),2.0
8,Babe (1995),3.9954337899543377
100,Fargo (1996),4.155511811023622
241,"Last of the Mohicans, The (1992)",3.546875
449,Star Trek: The Motion Picture (1979),3.034188034188034
450,Star Trek V: The Final Frontier (1989),2.3968253968253967
495,Around the World in 80 Days (1956),3.6610169491525424
717,"Juror, The (1996)",2.817073170731707
757,Across the Sea of Time (1995),2.75
930,Chain Reaction (1996),2.7
161,Top Gun (1986),3.481818181818182
555,White Man's Burden (1995),2.0
687,McHale's Navy (1997),2.1884057971014492
987,Underworld (1997),2.5
1066,Balto (1995),3.0
1256,"Designated Mourner, The (1997)",2.0
1279,Wild America (1997),2.888888888888889
1385,Roseanna's Grave (For Roseanna) (1997),2.8
1397,Of Human Bondage (1934),3.2
23,Taxi Driver (1976),4.1208791208791204
39,Strange Days (1995),3.264367816091954
679,Conan the Barbarian (1981),3.046728971962617
719,Canadian Bacon (1994),2.413793103448276
922,Dead Man (1995),3.823529411764706
981,Dangerous Ground (1997),1.75
1015,Shiloh (1997),2.8333333333333335
1022,"Fast, Cheap & Out of Control (1997)",3.4375
1060,"Adventures of Pinocchio, The (1996)",3.051282051282051
1169,Fresh (1994),4.1
1254,Gone Fishin' (1997),1.8181818181818181
1315,Inventing the Abbotts (1997),3.130434782608696
49,I.Q. (1994),3.3209876543209877
176,Aliens (1986),3.9471830985915495
380,Star Trek: Generations (1994),3.336206896551724
520,"Great Escape, The (1963)",4.104838709677419
629,Victor/Victoria (1982),3.3376623376623376
672,Candyman (1992),2.723076923076923
736,Shadowlands (1993),3.9358974358974357
791,"Baby-Sitters Club, The (1995)",2.5
1041,Forget Paris (1995),3.193548387096774
1075,"Man of No Importance, A (1994)",3.4285714285714284
1076,"Pagemaster, The (1994)",2.25
1111,Double Happiness (1994),3.4285714285714284
1116,"Mark of Zorro, The (1940)",3.6153846153846154
1287,Ed (1996),1.3333333333333333
1462,"Thieves (Voleurs, Les) (1996)",3.7142857142857144
1614,"Reluctant Debutante, The (1958)",3.0
1677,Sweet Nothing (1995),3.0
7,Twelve Monkeys (1995),3.798469387755102
162,On Golden Pond (1981),3.556603773584906
514,Annie Hall (1977),3.911111111111111
549,Rob Roy (1995),3.5652173913043477
637,"Howling, The (1981)",3.026315789473684
877,Excess Baggage (1997),2.5384615384615383
1431,Legal Deceit (1997),3.4
1432,"Mighty, The (1998)",1.0
1494,"Mostro, Il (1994)",1.0
130,Kansas City (1996),2.260869565217391
238,Raising Arizona (1987),3.875
244,Smilla's Sense of Snow (1997),3.1666666666666665
446,Burnt Offerings (1976),2.4444444444444446
624,"Three Caballeros, The (1945)",3.272727272727273
648,"Quiet Man, The (1952)",4.029850746268656
958,To Live (Huozhe) (1994),3.7857142857142856
1365,Johnny 100 Pesos (1993),1.5
1498,Farmer & Chase (1995),4.0
1662,Rough Magic (1995),2.5
84,Robert A. Heinlein's The Puppet Masters (1994),3.0
136,Mr. Smith Goes to Washington (1939),4.123809523809523
453,Jaws 3-D (1983),1.9375
720,First Knight (1995),3.0232558139534884
856,Night on Earth (1991),3.8333333333333335
1000,Lightning Jack (1994),3.0
1358,The Deadly Cure (1996),3.0
1422,Suture (1993),2.25
1531,Far From Home: The Adventures of Yellow Dog (1995),3.2857142857142856
1549,Dream Man (1995),1.5
1601,Office Killer (1997),1.0
247,Turbo: A Power Rangers Movie (1997),1.8
314,3 Ninjas: High Noon At Mega Mountain (1998),1.0
627,Robin Hood: Prince of Thieves (1991),3.2266666666666666
664,"Paris, Texas (1984)",3.5434782608695654
691,Dark City (1998),3.5
728,Junior (1994),3.022222222222222
824,"Great White Hype, The (1996)",2.7551020408163267
1236,"Other Voices, Other Rooms (1997)",3.0
1661,"New Age, The (1994)",1.0
87,Searching for Bobby Fischer (1993),3.9057971014492754
565,Village of the Damned (1995),2.6818181818181817
649,Once Upon a Time in America (1984),3.4
1233,N�nette et Boni (1996),3.5
1374,Falling in Love Again (1980),1.0
1495,Flirt (1995),3.6
1594,Everest (1998),4.5
1596,Nemesis 2: Nebula (1995),2.0
171,Delicatessen (1991),3.876923076923077
273,Heat (1995),3.569506726457399
343,Alien: Resurrection (1997),3.096774193548387
434,Forbidden Planet (1956),3.8358208955223883
439,Amityville: A New Generation (1993),1.0
443,"Birds, The (1963)",3.808641975308642
585,Son in Law (1993),2.4871794871794872
956,Nobody's Fool (1994),3.608695652173913
1195,Strawberry and Chocolate (Fresa y chocolate) (1993),3.272727272727273
1229,Poison Ivy II (1995),2.1538461538461537
1305,National Lampoon's Senior Trip (1995),2.4285714285714284
1620,"Sixth Man, The (1997)",3.2222222222222223
1673,Mirage (1995),3.0
51,Legends of the Fall (1994),3.45679012345679
194,"Sting, The (1973)",4.058091286307054
277,Restoration (1995),3.464788732394366
331,"Edge, The (1997)",3.5398230088495577
428,Harold and Maude (1971),3.8181818181818183
465,"Jungle Book, The (1994)",3.5647058823529414
794,It Could Happen to You (1994),3.652173913043478
957,Pushing Hands (1992),2.0
994,"Last Time I Committed Suicide, The (1997)",2.2857142857142856
1381,Losing Chase (1996),3.25
1555,"Secret Adventures of Tom Thumb, The (1993)",2.6
391,Last Action Hero (1993),2.7457627118644066
438,Amityville 3-D (1983),1.1666666666666667
532,Kama Sutra: A Tale of Love (1996),3.3181818181818183
706,Bad Moon (1996),2.6666666666666665
821,Mrs. Winterbourne (1996),3.0454545454545454
1297,Love Affair (1994),2.8333333333333335
1313,Palmetto (1998),3.142857142857143
1388,Gabbeh (1996),3.3333333333333335
1598,City of Industry (1997),2.5
1619,All Things Fair (1996),3.0
69,Forrest Gump (1994),3.853582554517134
129,Bound (1996),3.8217054263565893
166,Manon of the Spring (Manon des sources) (1986),4.120689655172414
448,"Omen, The (1976)",3.388235294117647
467,"Bronx Tale, A (1993)",3.7916666666666665
928,"Craft, The (1996)",3.1153846153846154
1200,Kim (1950),3.2857142857142856
1234,Chairman of the Board (1998),2.375
1412,Land Before Time III: The Time of the Great Giving (1995) (V),1.6666666666666667
1463,"Boys, Les (1997)",3.3333333333333335
97,Dances with Wolves (1990),3.79296875
400,"Little Rascals, The (1994)",2.7222222222222223
543,"Mis�rables, Les (1995)",3.619047619047619
1001,"Stupids, The (1996)",2.0
1020,Gaslight (1944),3.8857142857142857
1230,Ready to Wear (Pret-A-Porter) (1994),1.8333333333333333
1261,"Run of the Country, The (1995)",3.25
1317,"Journey of August King, The (1995)",2.0
524,"Great Dictator, The (1940)",4.021739130434782
533,"Daytrippers, The (1996)",3.6666666666666665
661,High Noon (1952),4.1022727272727275
693,Casino (1995),3.6483516483516483
1006,Until the End of the World (Bis ans Ende der Welt) (1991),2.8260869565217392
1134,Get on the Bus (1996),3.3157894736842106
1607,Hurricane Streets (1998),3.3333333333333335
234,Jaws (1975),3.775
239,Sneakers (1992),3.513333333333333
264,Mimic (1997),2.742574257425743
312,Midnight in the Garden of Good and Evil (1997),3.1625
389,Black Beauty (1994),3.4444444444444446
869,Fools Rush In (1997),3.0
1058,"War, The (1994)",3.2666666666666666
1081,Curdled (1996),2.75
1209,Mixed Nuts (1994),2.533333333333333
1347,"Ballad of Narayama, The (Narayama Bushiko) (1958)",2.75
1356,Ed's Next Move (1996),2.6666666666666665
1581,"Woman in Question, The (1950)",1.0
63,"Santa Clause, The (1994)",3.097560975609756
635,"Fog, The (1980)",2.739130434782609
885,Phantoms (1998),2.230769230769231
1638,Normal Life (1996),3.0
395,Robin Hood: Men in Tights (1993),2.5892857142857144
403,Batman (1989),3.427860696517413
779,Drop Zone (1994),2.5483870967741935
982,Maximum Risk (1996),2.8
1104,C'est arriv� pr�s de chez vous (1992),3.0
1609,B*A*P*S (1997),1.6666666666666667
459,"Cry, the Beloved Country (1995)",3.75
509,My Left Foot (1989),3.8512396694214877
907,Vermin (1998),2.0
1094,"Thin Line Between Love and Hate, A (1996)",2.4166666666666665
1625,Nightwatch (1997),4.0
10,Richard III (1995),3.831460674157303
77,"Firm, The (1993)",3.2781456953642385
102,"Aristocats, The (1970)",3.1296296296296298
361,Incognito (1997),3.5
589,"Wild Bunch, The (1969)",4.023255813953488
814,"Great Day in Harlem, A (1994)",5.0
848,"Murder, My Sweet (1944)",3.5555555555555554
1007,Waiting for Guffman (1996),4.127659574468085
1098,Flirting With Disaster (1996),3.6904761904761907
1346,Dingo (1992),2.4
1401,M. Butterfly (1993),3.2222222222222223
1443,8 Seconds (1994),3.75
1459,Madame Butterfly (1995),3.5714285714285716
1647,Hana-bi (1997),3.0
658,Pump Up the Volume (1990),3.4177215189873418
1354,Venice/Venice (1992),1.0
1502,Naked in New York (1994),1.5
50,Star Wars (1977),4.3584905660377355
518,Miller's Crossing (1990),3.651685393258427
750,Amistad (1997),3.8548387096774195
771,Johnny Mnemonic (1995),2.6341463414634148
951,"Indian in the Cupboard, The (1995)",2.8205128205128207
1214,In the Realm of the Senses (Ai no corrida) (1976),2.0
1414,Coldblooded (1995),2.0
1660,Small Faces (1995),2.0
267,unknown,3.4444444444444446
293,Donnie Brasco (1997),3.802721088435374
404,Pinocchio (1940),3.6732673267326734
527,Gandhi (1982),4.02051282051282
817,Frisk (1995),2.6666666666666665
1102,Two Much (1996),2.4285714285714284
1343,Lotto Land (1995),1.0
1639,Bitter Sugar (Azucar Amargo) (1996),4.333333333333333
45,Eat Drink Man Woman (1994),4.05
569,Wolf (1994),2.701492537313433
769,Congo (1995),2.4523809523809526
793,Crooklyn (1994),3.5
938,"Smile Like Yours, A (1997)",2.88
977,"Substitute, The (1996)",2.693877551020408
1333,Midnight Dancers (Sibak) (1994),2.8
1442,"Scarlet Letter, The (1995)",2.4
1611,Intimate Relations (1996),3.0
216,When Harry Met Sally... (1989),3.910344827586207
759,Fair Game (1995),2.1818181818181817
812,Andre (1994),3.111111111111111
952,Blue in the Face (1995),3.1777777777777776
1039,Hamlet (1996),4.011111111111111
1110,Tank Girl (1995),2.8536585365853657
1320,Homage (1995),1.0
1667,"Next Step, The (1995)",3.0
38,"Net, The (1995)",3.0083333333333333
261,Air Bud (1997),2.558139534883721
320,Paradise Lost: The Child Murders at Robin Hood Hills (1996),4.05
418,Cinderella (1950),3.5813953488372094
946,"Fox and the Hound, The (1981)",3.1475409836065573
1325,August (1996),1.0
1405,Boy's Life 2 (1997),3.3333333333333335
1447,Century (1993),3.0
1655,"Favor, The (1994)",2.0
82,Jurassic Park (1993),3.7203065134099615
181,Return of the Jedi (1983),4.007889546351085
249,Austin Powers: International Man of Mystery (1997),3.246153846153846
364,Ace Ventura: When Nature Calls (1995),2.675675675675676
510,"Magnificent Seven, The (1954)",3.9421487603305785
1671,"Further Gesture, A (1996)",1.0
167,Private Benjamin (1980),2.955223880597015
288,Scream (1996),3.4414225941422596
394,Radioland Murders (1994),3.3333333333333335
576,Cliffhanger (1993),3.021505376344086
703,Widows' Peak (1994),3.5789473684210527
945,Charade (1963),3.925
1049,House Arrest (1996),2.52
80,Hot Shots! Part Deux (1993),2.764705882352941
240,Beavis and Butt-head Do America (1996),2.7884615384615383
289,Evita (1996),2.9806949806949805
356,"Client, The (1994)",3.381443298969072
889,"Tango Lesson, The (1997)",3.3846153846153846
1389,Mondo (1996),3.0
1528,Nowhere (1997),2.3333333333333335
25,"Birdcage, The (1996)",3.4436860068259385
73,Maverick (1994),3.46875
245,"Devil's Own, The (1997)",3.1083333333333334
427,To Kill a Mockingbird (1962),4.292237442922374
591,Primal Fear (1996),3.601123595505618
763,Happy Gilmore (1996),3.389261744966443
816,Candyman: Farewell to the Flesh (1995),2.4285714285714284
1147,My Family (1995),3.6666666666666665
1484,"Jerky Boys, The (1994)",2.6666666666666665
113,"Horseman on the Roof, The (Hussard sur le toit, Le) (1995)",4.111111111111111
237,Jerry Maguire (1996),3.7109375
895,Scream 2 (1997),3.2169811320754715
1126,"Old Man and the Sea, The (1958)",3.34375
1368,Mina Tannenbaum (1994),3.6666666666666665
1421,My Crazy Life (Mi vida loca) (1993),3.1818181818181817
1492,Window to Paris (1994),4.0
1543,Johns (1996),3.0
1556,Condition Red (1995),2.0
645,Paris Is Burning (1990),3.814814814814815
795,Richie Rich (1994),2.4285714285714284
1213,Guilty as Sin (1993),2.1666666666666665
1419,Highlander III: The Sorcerer (1994),2.125
24,Rumble in the Bronx (1995),3.4482758620689653
160,Glengarry Glen Ross (1992),3.463768115942029
818,Girl 6 (1996),2.76
893,For Richer or Poorer (1997),2.4285714285714284
1071,Party Girl (1995),2.875
1078,Oliver & Company (1988),2.772727272727273
1103,Trust (1990),3.789473684210526
1501,Prisoner of the Mountains (Kavkazsky Plennik) (1996),3.0
1558,Aparajito (1956),3.5714285714285716
70,Four Weddings and a Funeral (1994),3.6613545816733066
408,"Close Shave, A (1995)",4.491071428571429
921,Farewell My Concubine (1993),3.9782608695652173
1003,That Darn Cat! (1997),2.25
1454,Angel and the Badman (1947),3.0
1479,Reckless (1995),2.75
62,Stargate (1994),3.141732283464567
121,Independence Day (ID4) (1996),3.438228438228438
125,Phenomenon (1996),3.557377049180328
396,Serial Mom (1994),2.814814814814815
730,"Queen Margot (Reine Margot, La) (1994)",3.5
1453,Angel on My Shoulder (1946),2.0
156,Reservoir Dogs (1992),3.9864864864864864
351,"Prophecy II, The (1998)",2.7
480,North by Northwest (1959),4.284916201117318
1592,"Magic Hour, The (1998)",3.6
1666,Ripe (1996),2.0
143,"Sound of Music, The (1965)",3.765765765765766
219,"Nightmare on Elm Street, A (1984)",3.171171171171171
697,"Basketball Diaries, The (1995)",3.425
967,Little Lord Fauntleroy (1936),3.1666666666666665
1083,Albino Alligator (1996),2.5
1099,"Red Firecracker, Green Firecracker (1994)",3.4615384615384617
1336,Kazaam (1996),1.8
1610,"Truth or Consequences, N.M. (1997)",2.0
1679,B. Monkey (1998),3.0
95,Aladdin (1992),3.8127853881278537
411,"Nutty Professor, The (1996)",2.914110429447853
477,Matilda (1996),3.210526315789474
482,Some Like It Hot (1959),3.984375
740,Jane Eyre (1996),3.4761904761904763
968,"Inspector General, The (1949)",3.7222222222222223
1423,"Walking Dead, The (1995)",2.25
29,Batman Forever (1995),2.6666666666666665
226,Die Hard 2 (1990),3.355421686746988
390,Fear of a Black Hat (1993),3.2
651,Glory (1989),4.076023391812866
741,"Last Supper, The (1995)",3.4482758620689653
789,Swimming with Sharks (1995),3.574468085106383
1038,Switchback (1997),2.823529411764706
1439,Jason's Lyric (1994),3.0
1570,Quartier Mozart (1992),1.0
464,Vanya on 42nd Street (1994),3.5925925925925926
526,Ben-Hur (1959),3.8306451612903225
528,"Killing Fields, The (1984)",4.132231404958677
558,Heavenly Creatures (1994),3.6714285714285713
1221,When a Man Loves a Woman (1994),3.4871794871794872
1289,Jack and Sarah (1995),2.142857142857143
21,Muppet Treasure Island (1996),2.761904761904762
214,Pink Floyd - The Wall (1982),3.3508771929824563
653,Touch of Evil (1958),3.911764705882353
710,Better Off Dead... (1985),3.569620253164557
1177,Dunston Checks In (1996),1.8571428571428572
1393,Stag (1997),2.111111111111111
1409,"Swan Princess, The (1994)",2.857142857142857
1514,Dream With the Fishes (1997),3.142857142857143
1523,"Good Man in Africa, A (1994)",3.0
1578,"Collectionneuse, La (1967)",2.0
1587,Terror in a Texas Town (1958),1.0
323,Dante's Peak (1997),2.933333333333333
550,Die Hard: With a Vengeance (1995),3.2847682119205297
1079,Joe's Apartment (1996),2.2444444444444445
1153,Backbeat (1993),3.473684210526316
1283,Out to Sea (1997),2.6842105263157894
1327,Captives (1994),2.3333333333333335
1345,"Day the Sun Turned Cold, The (Tianguo niezi) (1994)",2.0
1465,Last Summer in the Hamptons (1995),2.3333333333333335
1548,The Courtyard (1995),1.0
1552,"Hunted, The (1995)",2.0
1648,"Niagara, Niagara (1997)",2.0
335,How to Be a Player (1997),2.761904761904762
338,Bean (1997),2.659340659340659
352,Spice World (1997),2.1153846153846154
492,East of Eden (1955),3.864406779661017
798,Bad Company (1995),2.2222222222222223
866,Michael (1996),3.319327731092437
941,With Honors (1994),3.0652173913043477
1179,Man of the House (1995),2.111111111111111
1239,Cutthroat Island (1995),2.4444444444444446
1337,Larger Than Life (1996),2.3333333333333335
98,"Silence of the Lambs, The (1991)",4.28974358974359
195,"Terminator, The (1984)",3.9335548172757475
256,When the Cats Away (Chacun cherche son chat) (1996),3.5625
678,Volcano (1997),2.808219178082192
714,Carrington (1995),3.230769230769231
911,Twilight (1998),2.5
933,"Funeral, The (1996)",2.4285714285714284
1042,Just Cause (1995),3.142857142857143
1131,Safe (1995),4.0
1140,"Road to Wellville, The (1994)",2.2941176470588234
1185,In the Army Now (1994),2.2777777777777777
1257,"Designated Mourner, The (1997)",1.75
1308,Babyfever (1994),1.0
1348,Every Other Weekend (1990),1.0
1364,Bird of Prey (1996),1.0
1450,Golden Earrings (1947),4.0
1602,"Price Above Rubies, A (1998)",3.3333333333333335
1604,He Walked by Night (1948),4.0
287,Marvin's Room (1996),3.58974358974359
345,Deconstructing Harry (1997),3.4
490,To Catch a Thief (1955),4.02
595,"Fan, The (1996)",3.09375
1168,Little Buddha (1993),3.3181818181818183
1188,Young Guns II (1990),2.772727272727273
1524,Kaspar Hauser (1993),4.25
752,"Replacement Killers, The (1998)",3.3076923076923075
767,"Addiction, The (1995)",2.1818181818181817
790,Tommy Boy (1995),2.909090909090909
828,Alaska (1996),2.6923076923076925
1173,Bliss (1997),2.5714285714285716
1593,Death in Brunswick (1991),4.0
1631,"Slingshot, The (1993)",3.5
1637,Girls Town (1996),3.0
809,Rising Sun (1993),2.9069767441860463
863,"Garden of Finzi-Contini, The (Giardino dei Finzi-Contini, Il) (1970)",3.9166666666666665
990,Anna Karenina (1997),3.090909090909091
1053,Now and Then (1995),3.4583333333333335
1150,Last Dance (1996),3.111111111111111
1203,Top Hat (1935),4.0476190476190474
1284,Before and After (1996),2.8461538461538463
1319,"Neon Bible, The (1995)",1.75
1562,"Eye of Vichy, The (Oeil de Vichy, L') (1993)",1.0
32,Crumb (1994),3.7901234567901234
60,Three Colors: Blue (1993),4.015625
90,So I Married an Axe Murderer (1993),3.0526315789473686
371,"Bridges of Madison County, The (1995)",3.1641791044776117
622,Swiss Family Robinson (1960),3.358974358974359
1014,Romy and Michele's High School Reunion (1997),3.061224489795918
1115,Twelfth Night (1996),3.413793103448276
75,Brother Minister: The Assassination of Malcolm X (1994),3.0
382,"Adventures of Priscilla, Queen of the Desert, The (1994)",3.5945945945945947
469,Short Cuts (1993),3.7761194029850746
621,"Davy Crockett, King of the Wild Frontier (1955)",2.909090909090909
630,"Great Race, The (1965)",3.2903225806451615
786,"Perez Family, The (1995)",2.642857142857143
1027,"Shooter, The (1995)",2.6666666666666665
1282,"Grass Harp, The (1995)",3.2222222222222223
203,Unforgiven (1992),3.868131868131868
221,Breaking the Waves (1996),3.72972972972973
265,"Hunt for Red October, The (1990)",3.8634361233480177
457,Free Willy 3: The Rescue (1997),1.7407407407407407
640,"Cook the Thief His Wife & Her Lover, The (1989)",3.024390243902439
662,Somewhere in Time (1980),3.426829268292683
782,Little Odessa (1994),2.6
835,"Gay Divorcee, The (1934)",3.8666666666666667
1237,Twisted (1996),3.5
1515,Wings of Courage (1995),4.0
1668,Wedding Bell Blues (1996),3.0
141,"20,000 Leagues Under the Sea (1954)",3.5
151,Willy Wonka and the Chocolate Factory (1971),3.6319018404907975
341,Critical Care (1997),3.090909090909091
414,My Favorite Year (1982),3.532258064516129
433,Heathers (1989),3.690058479532164
608,Spellbound (1945),3.933333333333333
712,Tin Men (1987),3.0784313725490198
724,Circle of Friends (1995),3.486842105263158
859,April Fool's Day (1986),2.6666666666666665
899,"Winter Guest, The (1997)",3.4444444444444446
1471,Hideaway (1995),2.4444444444444446
1532,Foreign Student (1994),2.0
1579,Baton Rouge (1988),1.0
334,U Turn (1997),3.359375
592,True Crime (1995),3.3333333333333335
751,Tomorrow Never Dies (1997),3.4277777777777776
801,"Air Up There, The (1994)",2.8125
943,Killing Zoe (1994),3.475
953,Unstrung Heroes (1995),3.3181818181818183
978,Heaven's Prisoners (1996),2.5185185185185186
1023,Fathers' Day (1997),2.5806451612903225
1043,Rent-a-Kid (1995),3.0
1440,Above the Rim (1994),3.0
1547,"Show, The (1995)",3.0
1577,"Death in the Garden (Mort en ce jardin, La) (1956)",1.0
145,"Lawnmower Man, The (1992)",2.4461538461538463
200,"Shining, The (1980)",3.825242718446602
272,Good Will Hunting (1997),4.262626262626263
376,Houseguest (1994),2.8333333333333335
488,Sunset Blvd. (1950),4.2
515,"Boot, Das (1981)",4.203980099502488
680,Kull the Conqueror (1997),2.5588235294117645
735,Philadelphia (1993),3.854014598540146
1383,"Second Jungle Book: Mowgli & Baloo, The (1997)",2.0
1511,Children of the Revolution (1996),3.2
1622,"Paris, France (1993)",2.3333333333333335
56,Pulp Fiction (1994),4.060913705583756
109,Mystery Science Theater 3000: The Movie (1996),3.4307692307692306
254,Batman & Robin (1997),2.4516129032258065
378,Miracle on 34th Street (1994),3.722772277227723
487,Roman Holiday (1953),4.102941176470588
639,"Tin Drum, The (Blechtrommel, Die) (1979)",3.7
940,Airheads (1994),2.34375
1040,Two if by Sea (1996),2.6
1617,Hugo Pool (1997),3.0
213,"Room with a View, A (1986)",3.985074626865672
228,Star Trek: The Wrath of Khan (1982),3.8155737704918034
478,"Philadelphia Story, The (1940)",4.115384615384615
534,Traveller (1997),3.3076923076923075
655,Stand by Me (1986),3.881057268722467
997,Stuart Saves His Family (1995),2.125
1149,Walkabout (1971),3.8461538461538463
1446,"Bye Bye, Love (1995)",3.1333333333333333
1585,American Dream (1990),2.5
1623,"C�r�monie, La (1995)",4.0
303,Ulee's Gold (1997),3.6865671641791047
426,"Transformers: The Movie, The (1986)",2.84375
574,Boxing Helena (1993),2.2
718,In the Bleak Midwinter (1995),3.6875
749,"MatchMaker, The (1997)",3.176470588235294
1105,Firestorm (1998),2.8333333333333335
1120,I'm Not Rappaport (1996),3.0
1281,Manny & Lo (1996),3.1538461538461537
1408,Gordy (1995),1.0
1474,Nina Takes a Lover (1994),2.8333333333333335
1554,Safe Passage (1994),3.0
170,Cinema Paradiso (1988),4.1735537190082646
354,"Wedding Singer, The (1998)",3.486111111111111
702,Barcelona (1994),3.018867924528302
708,"Sex, Lies, and Videotape (1989)",3.4752475247524752
807,Poetic Justice (1993),2.7777777777777777
1162,Phat Beach (1996),1.6
1196,"Savage Nights (Nuits fauves, Les) (1992)",3.0
1268,Bitter Moon (1992),3.3
1544,It Takes Two (1995),2.6666666666666665
304,Fly Away Home (1996),3.5369127516778525
536,Ponette (1996),3.3
611,Laura (1944),4.1
612,Lost Horizon (1937),3.9411764705882355
668,Blood Beach (1981),2.1666666666666665
783,Milk Money (1994),2.72972972972973
105,Sgt. Bilko (1996),2.5675675675675675
298,Face/Off (1997),3.768041237113402
370,Mary Reilly (1996),2.8205128205128207
753,Burnt By the Sun (1994),3.7083333333333335
865,"Ice Storm, The (1997)",3.4761904761904763
913,Love and Death on Long Island (1997),2.5
1553,"Underneath, The (1995)",2.75
58,Quiz Show (1994),3.645714285714286
188,Full Metal Jacket (1987),3.6823529411764704
726,Fluke (1995),2.4285714285714284
837,Meet John Doe (1941),3.92
1370,I Can't Sleep (J'ai pas sommeil) (1994),2.6666666666666665
1573,Spirits of the Dead (Tre passi nel delirio) (1968),2.5
11,Seven (Se7en) (1995),3.847457627118644
33,Desperado (1995),3.4536082474226806
204,Back to the Future (1985),3.834285714285714
421,William Shakespeare's Romeo and Juliet (1996),3.5943396226415096
575,City Slickers II: The Legend of Curly's Gold (1994),2.5454545454545454
781,French Kiss (1995),3.3333333333333335
872,Love Jones (1997),3.0952380952380953
888,One Night Stand (1997),3.466666666666667
1024,Mrs. Dalloway (1997),3.6
1152,In Love and War (1996),3.4285714285714284
1482,"Gate of Heavenly Peace, The (1995)",4.0
83,Much Ado About Nothing (1993),4.0625
110,Operation Dumbo Drop (1995),2.5161290322580645
150,Swingers (1996),3.828025477707006
369,Black Sheep (1996),2.6363636363636362
413,Tales from the Crypt Presents: Bordello of Blood (1996),2.6363636363636362
508,"People vs. Larry Flynt, The (1996)",3.5953488372093023
541,Mortal Kombat (1995),2.877551020408163
825,"Arrival, The (1996)",3.036144578313253
1033,Homeward Bound II: Lost in San Francisco (1996),2.78125
1129,Chungking Express (1994),3.5714285714285716
68,"Crow, The (1994)",3.417910447761194
71,"Lion King, The (1994)",3.7818181818181817
106,Diabolique (1996),2.887323943661972
260,Event Horizon (1997),2.574803149606299
567,Wes Craven's New Nightmare (1994),2.8
1472,"Visitors, The (Visiteurs, Les) (1993)",3.5
525,"Big Sleep, The (1946)",4.027397260273973
561,Mary Shelley's Frankenstein (1994),3.0677966101694913
1241,"Van, The (1996)",2.6666666666666665
116,Cold Comfort Farm (1995),3.824
147,"Long Kiss Goodnight, The (1996)",3.4702702702702704
910,Nil By Mouth (1997),2.0
1080,Celestial Clockwork (1994),4.0
1224,"Scout, The (1994)",2.6666666666666665
14,"Postino, Il (1994)",3.9672131147540983
198,Nikita (La Femme Nikita) (1990),4.0078740157480315
317,In the Name of the Father (1993),3.911764705882353
546,Broken Arrow (1996),3.031496062992126
600,Daniel Defoe's Robinson Crusoe (1996),3.0
638,"Return of Martin Guerre, The (Retour de Martin Guerre, Le) (1982)",3.772727272727273
805,Manhattan Murder Mystery (1993),3.6296296296296298
1228,Under Siege 2: Dark Territory (1995),2.4583333333333335
1430,Ill Gotten Gains (1997),2.3333333333333335
1672,Kika (1993),2.0
1680,Sliding Doors (1998),2.0
344,"Apostle, The (1997)",3.6545454545454548
349,Hard Rain (1998),2.903225806451613
424,Children of the Corn: The Gathering (1996),1.3157894736842106
657,"Manchurian Candidate, The (1962)",4.259541984732825
975,Fear (1996),3.159090909090909
1184,"Endless Summer 2, The (1994)",2.5
1285,Princess Caraboo (1994),3.1333333333333333
1658,"Substance of Fire, The (1996)",3.0
123,"Frighteners, The (1996)",3.234782608695652
342,"Man Who Knew Too Little, The (1997)",2.923076923076923
373,Judge Dredd (1995),2.8974358974358974
379,Tales From the Crypt Presents: Demon Knight (1995),2.9767441860465116
454,Bastard Out of Carolina (1996),2.875
832,Bogus (1996),2.5454545454545454
965,Funny Face (1957),3.6666666666666665
971,Mediterraneo (1991),3.676470588235294
1018,Tie Me Up! Tie Me Down! (1990),3.1875
1264,Nothing to Lose (1994),3.2857142857142856
1448,My Favorite Season (1993),3.6666666666666665
1629,Nico Icon (1995),4.0
1678,Mat' i syn (1997),1.0
158,Weekend at Bernie's (1989),2.6166666666666667
199,"Bridge on the River Kwai, The (1957)",4.175757575757576
242,Kolya (1996),3.9914529914529915
270,Gattaca (1997),3.5955882352941178
284,Tin Cup (1996),3.160621761658031
690,Seven Years in Tibet (1997),3.458064516129032
1086,It's My Party (1995),3.2857142857142856
1563,"Promise, The (Versprechen, Das) (1994)",1.0
135,2001: A Space Odyssey (1968),3.969111969111969
248,Grosse Pointe Blank (1997),3.675
499,Cat on a Hot Tin Roof (1958),3.9516129032258065
522,Down by Law (1986),3.7714285714285714
902,"Big Lebowski, The (1998)",3.8333333333333335
1095,High School High (1996),2.6206896551724137
1106,"Newton Boys, The (1998)",3.0
1567,Careful (1992),1.0
1606,Deceiver (1997),2.0
42,Clerks (1994),3.804054054054054
119,Maya Lin: A Strong Clear Vision (1994),4.5
337,"House of Yes, The (1997)",3.0
466,Red Rock West (1992),3.5961538461538463
506,Rebel Without a Cause (1955),3.8555555555555556
566,Clear and Present Danger (1994),3.569832402234637
909,Dangerous Beauty (1998),3.769230769230769
1141,"War Room, The (1993)",3.3333333333333335
1312,"Pompatus of Love, The (1996)",3.0
1433,Men of Means (1998),2.0
1437,House Party 3 (1994),2.0
1566,"Man from Down Under, The (1943)",1.0
2,GoldenEye (1995),3.2061068702290076
79,"Fugitive, The (1993)",4.044642857142857
201,Evil Dead II (1987),3.5168539325842696
765,Boomerang (1992),2.8125
778,Don Juan DeMarco (1995),3.5526315789473686
803,Heaven & Earth (1993),2.5555555555555554
892,Flubber (1997),2.7547169811320753
1262,Walking and Talking (1996),3.625
1328,Of Love and Shadows (1994),3.1666666666666665
1572,Wend Kuuni (God's Gift) (1982),1.0
131,Breakfast at Tiffany's (1961),3.7263157894736842
149,Jude (1996),3.0
276,Leaving Las Vegas (1995),3.697986577181208
962,Ruby in Paradise (1993),3.130434782608696
1070,Living in Oblivion (1995),3.740740740740741
365,Powder (1995),3.2083333333333335
773,Mute Witness (1994),2.9411764705882355
820,Space Jam (1996),2.774193548387097
999,Clean Slate (1994),2.8
1092,Dear God (1996),2.5
1316,"Horse Whisperer, The (1998)",2.7142857142857144
1557,Yankee Zulu (1994),1.0
294,Liar Liar (1997),3.156701030927835
357,One Flew Over the Cuckoo's Nest (1975),4.291666666666667
529,My Life as a Dog (Mitt liv som hund) (1985),3.978494623655914
905,Great Expectations (1998),3.2222222222222223
1004,Geronimo: An American Legend (1993),3.111111111111111
1187,Switchblade Sisters (1975),3.230769230769231
1612,"Leading Man, The (1996)",3.75
118,Twister (1996),3.2150170648464163
573,Body Snatchers (1993),2.9393939393939394
722,Nine Months (1995),2.9310344827586206
1112,Cobb (1994),2.8
1373,Good Morning (1971),1.0
1390,"Innocent Sleep, The (1995)",2.0
1449,Pather Panchali (1955),4.625
1503,Gold Diggers: The Secret of Bear Mountain (1995),3.1
1508,"Babysitter, The (1995)",2.3333333333333335
1571,Touki Bouki (Journey of the Hyena) (1973),1.0
1652,Temptress Moon (Feng Yue) (1996),1.6666666666666667
124,Lone Star (1996),4.053475935828877
281,"River Wild, The (1994)",3.143835616438356
571,Another Stakeout (1993),2.5
1011,2 Days in the Valley (1996),3.225806451612903
1193,Before the Rain (Pred dozhdot) (1994),3.8
1366,JLG/JLG - autoportrait de d�cembre (1994),1.0
1428,SubUrbia (1997),3.6666666666666665
1402,"Ciao, Professore! (1993)",2.75
30,Belle de jour (1967),3.945945945945946
99,Snow White and the Seven Dwarfs (1937),3.7093023255813953
942,What's Love Got to Do with It (1993),3.488888888888889
985,Blood & Wine (1997),2.8636363636363638
184,Army of Darkness (1993),3.4310344827586206
302,L.A. Confidential (1997),4.161616161616162
313,Titanic (1997),4.2457142857142856
652,Rosencrantz and Guildenstern Are Dead (1990),3.888888888888889
815,One Fine Day (1996),3.232142857142857
901,Mr. Magoo (1997),1.9166666666666667
1090,Sliver (1993),2.4054054054054053
1202,"Maybe, Maybe Not (Bewegte Mann, Der) (1994)",3.5
1371,"Machine, The (1994)",1.5
1445,Ladybird Ladybird (1994),2.75
66,While You Were Sleeping (1995),3.549382716049383
405,Mission: Impossible (1996),3.313953488372093
557,Farinelli: il castrato (1994),3.1176470588235294
682,I Know What You Did Last Summer (1997),3.06
700,Miami Rhapsody (1995),2.6
915,Primary Colors (1998),3.923076923076923
1012,Private Parts (1997),3.53
1568,Vermont Is For Lovers (1992),1.0
46,Exotica (1994),3.5555555555555554
67,Ace Ventura: Pet Detective (1994),3.0485436893203883
186,"Blues Brothers, The (1980)",3.8366533864541834
275,Sense and Sensibility (1995),4.0111940298507465
282,"Time to Kill, A (1996)",3.685344827586207
605,Meet Me in St. Louis (1944),3.3548387096774195
802,Hard Target (1993),2.7
1101,Six Degrees of Separation (1993),3.77027027027027
1376,Meet Wally Sparks (1997),2.142857142857143
311,"Wings of the Dove, The (1997)",3.68
535,Addicted to Love (1997),3.1666666666666665
873,Picture Perfect (1997),2.962962962962963
894,Home Alone 3 (1997),1.894736842105263
1534,Twin Town (1997),2.1666666666666665
616,Night of the Living Dead (1968),3.421875
628,Sleepers (1996),3.514792899408284
632,Sophie's Choice (1982),3.896551724137931
681,Wishmaster (1997),2.4444444444444446
964,"Month by the Lake, A (1995)",3.3333333333333335
1392,"Locusts, The (1997)",2.0
1526,Witness (1985),4.0
1535,"Enfer, L' (1994)",3.0
174,Raiders of the Lost Ark (1981),4.252380952380952
215,Field of Dreams (1989),3.69811320754717
410,Kingpin (1996),3.1296296296296298
996,"Big Green, The (1995)",2.5
1178,Major Payne (1994),2.473684210526316
1309,"Very Natural Thing, A (1974)",1.0
1338,Two Deaths (1995),2.25
1481,S.F.W. (1994),3.0
1584,"Symphonie pastorale, La (1946)",1.0
1674,Mamma Roma (1962),4.0
172,"Empire Strikes Back, The (1980)",4.204359673024523
562,"Quick and the Dead, The (1995)",3.2083333333333335
716,Home for the Holidays (1995),3.1551724137931036
864,My Fellow Americans (1996),3.1627906976744184
1054,Mr. Wrong (1996),2.3043478260869565
1429,Sliding Doors (1998),2.75
252,"Lost World: Jurassic Park, The (1997)",2.9430379746835444
399,"Three Musketeers, The (1993)",3.303370786516854
551,Lord of Illusions (1995),2.4166666666666665
1063,"Little Princess, A (1995)",3.658536585365854
1067,Bottle Rocket (1996),3.4545454545454546
1411,Barbarella (1968),2.5714285714285716
1630,"Silence of the Palace, The (Saimt el Qusur) (1994)",3.0
1676,"War at Home, The (1996)",2.0
144,Die Hard (1988),3.8724279835390947
153,"Fish Called Wanda, A (1988)",3.785425101214575
420,Alice in Wonderland (1951),3.6666666666666665
705,Singin' in the Rain (1952),3.9927007299270074
785,Only You (1994),3.1538461538461537
851,Two or Three Things I Know About Her (1966),3.75
1013,Anaconda (1997),2.289473684210526
1109,Death and the Maiden (1994),3.4285714285714284
1278,Selena (1997),3.625
1640,"Eighth Day, The (1996)",3.0
670,Body Snatchers (1993),3.0
745,"Ruling Class, The (1972)",3.875
927,"Flower of My Secret, The (Flor de mi secreto, La) (1995)",3.1666666666666665
949,How to Make an American Quilt (1995),3.3380281690140845
1174,Caught (1996),3.25
18,"White Balloon, The (1995)",2.8
475,Trainspotting (1996),3.884
947,"Big Blue, The (Grand bleu, Le) (1988)",3.235294117647059
1044,"Paper, The (1994)",3.225
1246,Bushwhacked (1995),1.5714285714285714
1292,"Simple Wish, A (1997)",1.6666666666666667
1361,"Search for One-eye Jimmy, The (1996)",2.6666666666666665
74,Faster Pussycat! Kill! Kill! (1965),3.0
138,D3: The Mighty Ducks (1996),2.5789473684210527
755,Jumanji (1995),3.3125
934,"Preacher's Wife, The (1996)",2.926470588235294
1097,"Hate (Haine, La) (1995)",3.5
1117,Surviving Picasso (1996),3.1052631578947367
1204,To Be or Not to Be (1942),3.611111111111111
1258,Trial and Error (1997),2.5217391304347827
1424,I Like It Like That (1994),2.3333333333333335
104,Theodore Rex (1995),1.4
180,Apocalypse Now (1979),4.04524886877828
468,Rudy (1993),3.3125
483,Casablanca (1942),4.45679012345679
643,The Innocent (1994),3.0
656,M (1931),4.0
917,Mercury Rising (1998),3.4285714285714284
932,First Kid (1996),2.925
1416,No Escape (1994),2.4
134,Citizen Kane (1941),4.292929292929293
584,"Secret Garden, The (1993)",3.5443037974683542
841,"Glimmer Man, The (1996)",2.75
878,That Darn Cat! (1997),2.515151515151515
991,Keys to Tulsa (1997),2.24
407,Spy Hard (1996),2.511627906976744
521,"Deer Hunter, The (1978)",3.8333333333333335
788,Relative Fear (1994),1.6666666666666667
617,"Blue Angel, The (Blaue Engel, Der) (1930)",3.7777777777777777
701,"Wonderful, Horrible Life of Leni Riefenstahl, The (1993)",4.0
963,Some Folks Call It a Sling Blade (1993),4.2926829268292686
1009,Stealing Beauty (1996),3.375
1107,Beyond Rangoon (1995),3.0555555555555554
1387,Fall (1997),2.0
36,Mad Love (1995),2.1538461538461537
187,"Godfather: Part II, The (1974)",4.186602870813397
208,Young Frankenstein (1974),3.945
315,Apt Pupil (1998),4.1
393,Mrs. Doubtfire (1993),3.4114583333333335
954,Unzipped (1995),3.5454545454545454
1217,Assassins (1995),2.871794871794872
1277,Set It Off (1996),3.4210526315789473
1359,Boys in Venice (1996),1.0
1656,Little City (1998),3.5
89,Blade Runner (1982),4.138181818181818
401,"Brady Bunch Movie, The (1995)",2.8026315789473686
422,Aladdin and the King of Thieves (1996),2.8461538461538463
517,Manhattan (1979),3.769230769230769
1138,Best Men (1997),3.4
1413,Street Fighter (1994),2.75
1476,Raw Deal (1948),2.0
